1,1点
2,1点
3,2点
4,2点
5,3点
6,3点
7,4点
8,4点
9,5点
10,5点
11,6点
12,6点
13,7点
14,7点
15,8点
16,8点
17,9点
18,9点
19,10点
20,10点
21,11点
22,11点
23,12点
24,12点
25,13点
26,13点
27,14点
28,14点
29,15点
30,15点
31,16点
32,16点
33,17点
34,17点
35,18点
36,18点
37,19点
38,19点
39,20点
40,20点
41,21点
42,21点
43,22点
44,22点
45,23点
46,23点
47,24点
48,24点
49,25点
50,25点
51,26点
52,27点
53,28点
54,29点
55,29点
56,30点
57,31点
58,32点
59,33点
60,33点
61,34点
62,35点
63,36点
64,37点
65,37点
66,38点
67,39点
68,40点
69,41点
70,41点
71,42点
72,43点
73,44点
74,45点
75,45点
76,46点
77,47点
78,48点
79,49点
80,49点
81,50点
82,51点
83,52点
84,53点
85,53点
86,54点
87,55点
88,56点
89,57点
90,57点
91,58点
92,59点
93,60点
94,61点
95,61点
96,62点
97,63点
98,64点
99,65点
100,66点
101,67点
102,68点
103,69点
104,70点
105,71点
106,72点
107,73点
108,74点
109,75点
110,76点
111,77点
112,78点
113,79点
114,80点
115,81点
116,82点
117,83点
118,84点
119,85点
120,86点
121,87点
122,88点
123,89点
124,90点
125,91点
126,92点
127,93点
128,94点
129,95点
130,96点
131,97点
132,98点
133,99点
134,100点
135,101点
136,102点
137,103点
138,104点
139,105点
140,106点
141,107点
142,108点
143,109点
144,110点
145,111点
146,112点
147,113点
148,114点
149,115点
150,116点
151,117点
152,118点
153,120点
154,121点
155,122点
156,124点
157,125点
158,126点
159,128点
160,129点
161,130点
162,131点
163,133点
164,134点
165,135点
166,137点
167,138点
168,139点
169,141点
170,142点
171,143点
172,144点
173,146点
174,147点
175,148点
176,150点
177,151点
178,152点
179,154点
180,155点
181,156点
182,157点
183,159点
184,160点
185,161点
186,163点
187,164点
188,165点
189,167点
190,168点
191,169点
192,170点
193,172点
194,173点
195,174点
196,176点
197,177点
198,178点
199,180点
200,181点
201,183点
202,184点
203,186点
204,188点
205,189点
206,191点
207,192点
208,194点
209,196点
210,197点
211,199点
212,200点
213,202点
214,204点
215,205点
216,207点
217,208点
218,210点
219,212点
220,213点
221,215点
222,216点
223,218点
224,220点
225,221点
226,223点
227,224点
228,226点
229,228点
230,229点
231,231点
232,232点
233,234点
234,236点
235,237点
236,239点
237,240点
238,242点
239,244点
240,245点
241,247点
242,248点
243,250点
244,252点
245,253点
246,255点
247,256点
248,258点
249,260点
250,261点
251,263点
252,265点
253,267点
254,269点
255,270点
256,272点
257,274点
258,276点
259,278点
260,279点
261,281点
262,283点
263,285点
264,287点
265,288点
266,290点
267,292点
268,294点
269,296点
270,297点
271,299点
272,301点
273,303点
274,305点
275,306点
276,308点
277,310点
278,312点
279,314点
280,315点
281,317点
282,319点
283,321点
284,323点
285,324点
286,326点
287,328点
288,330点
289,332点
290,333点
291,335点
292,337点
293,339点
294,341点
295,342点
296,344点
297,346点
298,348点
299,350点
300,352点
301,354点
302,356点
303,358点
304,360点
305,362点
306,364点
307,366点
308,368点
309,371点
310,373点
311,375点
312,377点
313,379点
314,381点
315,383点
316,385点
317,387点
318,389点
319,392点
320,394点
321,396点
322,398点
323,400点
324,402点
325,404点
326,406点
327,408点
328,410点
329,413点
330,415点
331,417点
332,419点
333,412点
334,423点
335,425点
336,427点
337,429点
338,431点
339,434点
340,436点
341,438点
342,440点
343,442点
344,444点
345,446点
346,448点
347,450点
348,452点
349,455点
350,457点
351,459点
352,462点
353,464点
354,467点
355,469点
356,471点
357,474点
358,476点
359,479点
360,481点
361,483点
362,486点
363,488点
364,491点
365,493点
366,495点
367,498点
368,500点
369,503点
370,505点
371,507点
372,510点
373,512点
374,515点
375,517点
376,519点
377,522点
378,524点
379,527点
380,529点
381,531点
382,534点
383,536点
384,539点
385,541点
386,543点
387,546点
388,548点
389,551点
390,553点
391,555点
392,558点
393,560点
394,563点
395,565点
396,567点
397,570点
398,572点
399,575点
400,577点
401,580点
402,582点
403,585点
404,588点
405,590点
406,593点
407,595点
408,598点
409,601点
410,603点
411,606点
412,608点
413,611点
414,614点
415,616点
416,619点
417,621点
418,624点
419,627点
420,629点
421,632点
422,634点
423,637点
424,640点
425,642点
426,645点
427,647点
428,650点
429,653点
430,655点
431,658点
432,660点
433,663点
434,666点
435,668点
436,671点
437,673点
438,676点
439,679点
440,681点
441,684点
442,686点
443,689点
444,692点
445,694点
446,697点
447,699点
448,702点
449,705点
450,707点
451,710点
452,713点
453,716点
454,719点
455,721点
456,724点
457,727点
458,730点
459,733点
460,735点
461,738点
462,741点
463,744点
464,747点
465,749点
466,752点
467,755点
468,758点
469,761点
470,763点
471,766点
472,769点
473,772点
474,775点
475,777点
476,780点
477,783点
478,786点
479,789点
480,791点
481,794点
482,797点
483,800点
484,803点
485,805点
486,808点
487,811点
488,814点
489,817点
490,819点
491,822点
492,825点
493,828点
494,831点
495,833点
496,836点
497,839点
498,842点
499,845点
500,847点
501,850点
502,853点
503,856点
504,859点
505,862点
506,865点
507,868点
508,871点
509,874点
510,876点
511,879点
512,882点
513,885点
514,888点
515,891点
516,894点
517,897点
518,900点
519,903点
520,905点
521,908点
522,911点
523,914点
524,917点
525,920点
526,923点
527,926点
528,929点
529,931点
530,934点
531,937点
532,940点
533,943点
534,946点
535,949点
536,952点
537,955点
538,958点
539,961点
540,963点
541,966点
542,969点
543,972点
544,975点
545,978点
546,981点
547,984点
548,987点
549,990点
550,993点
551,996点
552,999点
553,1002点
554,1005点
555,1008点
556,1011点
557,1014点
558,1017点
559,1020点
560,1023点
561,1026点
562,1029点
563,1032点
564,1035点
565,1038点
566,1041点
567,1044点
568,1047点
569,1050点
570,1053点
571,1056点
572,1059点
573,1062点
574,1065点
575,1068点
576,1071点
577,1074点
578,1077点
579,1080点
580,1083点
581,1086点
582,1089点
583,1092点
584,1095点
585,1098点
586,1101点
587,1104点
588,1107点
589,1110点
590,1113点
591,1116点
592,1119点
593,1122点
594,1125点
595,1128点
596,1131点
597,1134点
598,1137点
599,1140点
600,1143点
601,1146点
602,1149点
603,1152点
604,1155点
605,1158点
606,1161点
607,1164点
608,1167点
609,1171点
610,1174点
611,1177点
612,1180点
613,1183点
614,1186点
615,1189点
616,1192点
617,1195点
618,1198点
619,1202点
620,1205点
621,1208点
622,1211点
623,1214点
624,1217点
625,1220点
626,1223点
627,1226点
628,1229点
629,1233点
630,1236点
631,1239点
632,1242点
633,1245点
634,1248点
635,1251点
636,1254点
637,1257点
638,1260点
639,1264点
640,1267点
641,1270点
642,1273点
643,1276点
644,1279点
645,1282点
646,1285点
647,1288点
648,1291点
649,1295点
650,1298点
651,1301点
652,1304点
653,1308点
654,1311点
655,1314点
656,1318点
657,1321点
658,1324点
659,1328点
660,1331点
661,1334点
662,1337点
663,1341点
664,1344点
665,1347点
666,1351点
667,1354点
668,1357点
669,1361点
670,1364点
671,1367点
672,1370点
673,1374点
674,1377点
675,1380点
676,1384点
677,1387点
678,1390点
679,1394点
680,1397点
681,1400点
682,1403点
683,1407点
684,1410点
685,1413点
686,1417点
687,1420点
688,1423点
689,1427点
690,1430点
691,1433点
692,1436点
693,1440点
694,1443点
695,1446点
696,1450点
697,1453点
698,1456点
699,1460点
700,1463点
701,1466点
702,1470点
703,1473点
704,1477点
705,1480点
706,1483点
707,1487点
708,1490点
709,1494点
710,1497点
711,1500点
712,1504点
713,1507点
714,1511点
715,1514点
716,1517点
717,1521点
718,1524点
719,1528点
720,1531点
721,1534点
722,1538点
723,1541点
724,1545点
725,1548点
726,1551点
727,1555点
728,1558点
729,1562点
730,1565点
731,1568点
732,1572点
733,1575点
734,1579点
735,1582点
736,1585点
737,1589点
738,1592点
739,1596点
740,1596点
741,1602点
742,1606点
743,1609点
744,1613点
745,1616点
746,1619点
747,1623点
748,1626点
749,1630点
750,1633点
751,1637点
752,1640点
753,1644点
754,1647点
755,1651点
756,1654点
757,1658点
758,1661点
759,1665点
760,1668点
761,1672点
762,1675点
763,1679点
764,1682点
765,1686点
766,1689点
767,1693点
768,1696点
769,1700点
770,1703点
771,1707点
772,1710点
773,1714点
774,1717点
775,1721点
776,1724点
777,1728点
778,1731点
779,1735点
780,1738点
781,1742点
782,1745点
783,1749点
784,1752点
785,1756点
786,1759点
787,1763点
788,1766点
789,1770点
790,1773点
791,1777点
792,1780点
793,1784点
794,1787点
795,1791点
796,1794点
797,1798点
798,1801点
799,1805点
800,1808点
801,1812点
802,1816点
803,1820点
804,1824点
805,1828点
806,1832点
807,1836点
808,1840点
809,1844点
810,1847点
811,1851点
812,1855点
813,1859点
814,1863点
815,1867点
816,1871点
817,1875点
818,1879点
819,1883点
820,1886点
821,1890点
822,1894点
823,1898点
824,1902点
825,1906点
826,1910点
827,1914点
828,1918点
829,1922点
830,1925点
831,1929点
832,1933点
833,1937点
834,1941点
835,1945点
836,1949点
837,1953点
838,1957点
839,1961点
840,1964点
841,1968点
842,1972点
843,1976点
844,1980点
845,1984点
846,1988点
847,1992点
848,1996点
849,2000点
850,2004点
851,2008点
852,2012点
853,2016点
854,2020点
855,2024点
856,2028点
857,2032点
858,2036点
859,2041点
860,2045点
861,2049点
862,2053点
863,2057点
864,2061点
865,2065点
866,2069点
867,2073点
868,2077点
869,2082点
870,2086点
871,2090点
872,2094点
873,2098点
874,2102点
875,2106点
876,2110点
877,2114点
878,2118点
879,2123点
880,2127点
881,2131点
882,2135点
883,2139点
884,2143点
885,2147点
886,2151点
887,2155点
888,2159点
889,2164点
890,2168点
891,2172点
892,2176点
893,2180点
894,2184点
895,2188点
896,2192点
897,2196点
898,2200点
899,2205点
900,2209点
901,2213点
902,2217点
903,2221点
904,2226点
905,2230点
906,2234点
907,2238点
908,2242点
909,2247点
910,2251点
911,2255点
912,2259点
913,2263点
914,2268点
915,2272点
916,2276点
917,2280点
918,2284点
919,2289点
920,2293点
921,2297点
922,2301点
923,2305点
924,2310点
925,2314点
926,2318点
927,2322点
928,2326点
929,2331点
930,2335点
931,2339点
932,2343点
933,2347点
934,2352点
935,2356点
936,2360点
937,2364点
938,2368点
939,2373点
940,2377点
941,2381点
942,2385点
943,2389点
944,2394点
945,2398点
946,2402点
947,2406点
948,2410点
949,2415点
950,2419点
951,2423点
952,2427点
953,2432点
954,2436点
955,2440点
956,2445点
957,2449点
958,2453点
959,2458点
960,2462点
961,2466点
962,2470点
963,2475点
964,2479点
965,2483点
966,2488点
967,2492点
968,2496点
969,2501点
970,2505点
971,2509点
972,2513点
973,2518点
974,2522点
975,2526点
976,2531点
977,2535点
978,2539点
979,2544点
980,2548点
981,2552点
982,2556点
983,2561点
984,2565点
985,2569点
986,2574点
987,2578点
988,2582点
989,2587点
990,2591点
991,2595点
992,2599点
993,2604点
994,2608点
995,2612点
996,2617点
997,2621点
998,2625点
999,2630点
1000,2635点
1001,2640点
1002,2645点
1003,2650点
1004,2656点
1005,2661点
1006,2666点
1007,2671点
1008,2676点
1009,2682点
1010,2687点
1011,2692点
1012,2697点
1013,2702点
1014,2708点
1015,2713点
1016,2718点
1017,2723点
1018,2728点
1019,2734点
1020,2739点
1021,2744点
1022,2749点
1023,2754点
1024,2760点
1025,2765点
1026,2770点
1027,2775点
1028,2780点
1029,2786点
1030,2791点
1031,2796点
1032,2801点
1033,2806点
1034,2812点
1035,2817点
1036,2822点
1037,2827点
1038,2832点
1039,2838点
1040,2843点
1041,2848点
1042,2853点
1043,2858点
1044,2864点
1045,2869点
1046,2874点
1047,2879点
1048,2884点
1049,2890点
1050,2895点
1051,2901点
1052,2906点
1053,2912点
1054,2917点
1055,2923点
1056,2928点
1057,2934点
1058,2939点
1059,2945点
1060,2950点
1061,2956点
1062,2961点
1063,2967点
1064,2972点
1065,2978点
1066,2983点
1067,2989点
1068,2994点
1069,3000点
1070,3005点
1071,3011点
1072,3016点
1073,3022点
1074,3027点
1075,3033点
1076,3038点
1077,3044点
1078,3049点
1079,3055点
1080,3060点
1081,3066点
1082,3071点
1083,3077点
1084,3082点
1085,3088点
1086,3093点
1087,3099点
1088,3104点
1089,3110点
1090,3115点
1091,3121点
1092,3126点
1093,3132点
1094,3137点
1095,3143点
1096,3148点
1097,3154点
1098,3159点
1099,3165点
1100,3171点
1101,3178点
1102,3184点
1103,3191点
1104,3198点
1105,3204点
1106,3211点
1107,3217点
1108,3224点
1109,3231点
1110,3237点
1111,3244点
1112,3250点
1113,3257点
1114,3264点
1115,3283点
1116,3277点
1117,3283点
1118,3290点
1119,3297点
1120,3303点
1121,3310点
1122,3316点
1123,3323点
1124,3330点
1125,3336点
1126,3343点
1127,3349点
1128,3356点
1129,3363点
1130,3369点
1131,3376点
1132,3382点
1133,3389点
1134,3396点
1135,3402点
1136,3409点
1137,3415点
1138,3422点
1139,3429点
1140,3435点
1141,3442点
1142,3448点
1143,3455点
1144,3462点
1145,3468点
1146,3475点
1147,3481点
1148,3488点
1149,3495点
1150,3501点
1151,3508点
1152,3515点
1153,3522点
1154,3529点
1155,3535点
1156,3542点
1157,3549点
1158,3556点
1159,3563点
1160,3569点
1161,3576点
1162,3583点
1163,3590点
1164,3597点
1165,3603点
1166,3610点
1167,3617点
1168,3624点
1169,3631点
1170,3637点
1171,3644点
1172,3651点
1173,3658点
1174,3665点
1175,3671点
1176,3678点
1177,3685点
1178,3692点
1179,3699点
1180,3705点
1181,3712点
1182,3719点
1183,3726点
1184,3733点
1185,3739点
1186,3746点
1187,3753点
1188,3760点
1189,3767点
1190,3773点
1191,3780点
1192,3787点
1193,3794点
1194,3801点
1195,3807点
1196,3814点
1197,3821点
1198,3828点
1199,3835点
1200,3841点
